seatNo,name,email
F-115,Pham Trang,phamtrang890@gmail.com
B-304,Bui Minh,buiminh636@yahoo.com
A-21,Do Khoa An,dokhoaan115@yahoo.com
A-376,Phan Binh Lan,phanbinhlan303@hotmail.com
D-172,Vo An,voan561@gmail.com
E-386,Ho Trang Xuan,hotrangxuan333@hotmail.com
SVIP-286,Huynh Son,huynhson586@hotmail.com
F-425,Vo Minh,vominh45@yahoo.com
C-144,Vu Nga Cuong,vungacuong372@example.com
B-248,Duong Vy Yen,duongvyyen18@yahoo.com
VVIP-413,Huynh Lan,huynhlan599@hotmail.com
VVIP-144,Tran Quang Son,tranquangson710@hotmail.com
F-19,Vu Quang,vuquang784@outlook.com
SVIP-459,Nguyen Quang An,nguyenquangan756@outlook.com
F-107,Duong Khoa Khoa,duongkhoakhoa57@company.vn
C-25,Vu Khoa Phuc,vukhoaphuc475@outlook.com
VVIP-104,Duong Trang,duongtrang297@company.vn
F-92,Duong Xuan,duongxuan654@gmail.com
F-44,Ho Cuong,hocuong660@yahoo.com
B-464,Vo Minh,vominh365@yahoo.com
A-151,Ngo Xuan,ngoxuan214@example.com
E-96,Vo Giang,vogiang308@outlook.com
D-40,Ly Phuc Phuc,lyphucphuc486@hotmail.com
VVIP-227,Bui Linh,builinh691@hotmail.com
E-490,Hoang Quang Vy,hoangquangvy826@gmail.com
A-338,Duong Binh Linh,duongbinhlinh563@company.vn
SVIP-53,Tran Son,transon42@yahoo.com
VVIP-489,Ngo Giang,ngogiang473@gmail.com
VIP-75,Bui Minh,buiminh226@gmail.com
VIP-400,Vo Khoa,vokhoa786@company.vn
F-458,Phan Khoa,phankhoa595@company.vn
C-6,Phan Tuan,phantuan997@company.vn
B-434,Ly Giang,lygiang486@hotmail.com
F-294,Ho Yen Oanh,hoyenoanh505@outlook.com
D-251,Le Linh Yen,lelinhyen711@yahoo.com
B-113,Dang Em Son,dangemson549@example.com
F-78,Tran Khoa,trankhoa935@gmail.com
C-176,Duong Phuc An,duongphucan864@gmail.com
VVIP-367,Huynh Trang,huynhtrang237@outlook.com
B-114,Tran Nga,trannga807@yahoo.com
VIP-201,Do Oanh Nga,dooanhnga515@company.vn
B-269,Do Uy Xuan,douyxuan205@example.com
VVIP-56,Huynh Dung,huynhdung784@outlook.com
C-68,Dang Son Trang,dangsontrang857@outlook.com
B-425,Le Phong Son,lephongson923@hotmail.com
B-162,Tran Vy,tranvy808@hotmail.com
E-480,Ly Giang,lygiang926@hotmail.com
VIP-21,Do Tuan An,dotuanan926@example.com
A-413,Tran Giang,trangiang913@yahoo.com
SVIP-56,Phan Linh Quang,phanlinhquang405@hotmail.com
SVIP-351,Do Giang,dogiang141@gmail.com
F-150,Pham Xuan,phamxuan405@gmail.com
VIP-71,Phan An,phanan721@example.com
F-336,Duong Son,duongson157@company.vn
E-279,Nguyen Xuan,nguyenxuan365@outlook.com
E-224,Hoang Giang,hoanggiang598@gmail.com
VVIP-272,Le Cuong,lecuong437@example.com
C-141,Do Em,doem3@example.com
E-357,Ngo Minh Trang,ngominhtrang56@yahoo.com
B-192,Vu Quang Dung,vuquangdung399@outlook.com
C-433,Dang Phong Binh,dangphongbinh320@company.vn
A-282,Ho Son Lan,hosonlan847@yahoo.com
F-247,Dang Lan,danglan70@yahoo.com
B-396,Ngo Uy,ngouy783@example.com
B-256,Duong Trang,duongtrang387@outlook.com
C-440,Ho Minh Quang,hominhquang64@gmail.com
A-386,Dang Lan Oanh,danglanoanh466@gmail.com
E-385,Hoang Em An,hoangeman912@company.vn
F-274,Duong Em,duongem7@yahoo.com
SVIP-246,Le Vy,levy361@outlook.com
E-51,Pham Xuan Phuc,phamxuanphuc606@outlook.com
A-394,Ngo Binh,ngobinh304@company.vn
F-368,Tran Linh,tranlinh612@yahoo.com
SVIP-93,Bui Nga,buinga787@outlook.com
C-331,Bui Lan,builan79@hotmail.com
SVIP-186,Huynh Lan Em,huynhlanem114@hotmail.com
C-316,Nguyen Quang Em,nguyenquangem75@company.vn
A-414,Ho Tuan Trang,hotuantrang149@yahoo.com
VIP-306,Le Linh,lelinh623@company.vn
E-50,Duong Trang,duongtrang317@gmail.com
E-433,Ngo Trang An,ngotrangan945@outlook.com
B-175,Ly Cuong,lycuong206@hotmail.com
E-143,Hoang Nga,hoangnga813@outlook.com
F-261,Tran Dung Em,trandungem343@outlook.com
F-242,Pham Hai Lan,phamhailan413@company.vn
B-204,Dang Yen,dangyen653@outlook.com
VVIP-320,Nguyen Cuong,nguyencuong345@yahoo.com
VIP-220,Vo Hai,vohai152@hotmail.com
VIP-442,Vo Lan Khoa,volankhoa294@yahoo.com
F-193,Tran Yen Em,tranyenem68@outlook.com
SVIP-353,Ho Hai Cuong,hohaicuong808@yahoo.com
F-252,Bui Khoa Trang,buikhoatrang297@outlook.com
B-296,Ly Giang,lygiang679@example.com
C-288,Bui Giang Minh,buigiangminh661@outlook.com
C-346,Ly Em,lyem170@company.vn
E-90,Huynh Quang Minh,huynhquangminh183@hotmail.com
A-263,Vo Yen Binh,voyenbinh719@yahoo.com
F-45,Duong Dung Khoa,duongdungkhoa369@example.com
D-289,Huynh Oanh Tuan,huynhoanhtuan42@hotmail.com
VIP-498,Vo Linh Linh,volinhlinh654@yahoo.com
D-167,Vo Xuan,voxuan951@company.vn
VVIP-424,Do Nga Giang,dongagiang731@example.com
E-356,Vu Em Quang,vuemquang290@company.vn
C-152,Do Trang Hai,dotranghai152@yahoo.com
D-412,Huynh Tuan,huynhtuan894@hotmail.com
F-227,Ngo Minh Khoa,ngominhkhoa445@yahoo.com
C-1,Ho Quang Giang,hoquanggiang138@hotmail.com
A-422,Dang Hai,danghai283@yahoo.com
SVIP-68,Nguyen Phuc An,nguyenphucan404@hotmail.com
SVIP-276,Huynh Em Yen,huynhemyen94@outlook.com
D-30,Tran Hai Dung,tranhaidung750@example.com
E-133,Nguyen Giang,nguyengiang399@yahoo.com
D-262,Hoang Son Vy,hoangsonvy611@outlook.com
C-309,Ho Oanh Khoa,hooanhkhoa985@company.vn
F-480,Pham Lan,phamlan782@yahoo.com
E-446,Duong Son Minh,duongsonminh621@gmail.com
C-167,Ngo Oanh,ngooanh926@hotmail.com
E-18,Hoang Hai Uy,hoanghaiuy840@hotmail.com
D-328,Pham Linh Lan,phamlinhlan476@gmail.com
VVIP-166,Nguyen Cuong Binh,nguyencuongbinh363@hotmail.com
B-27,Ly Binh Em,lybinhem545@outlook.com
A-330,Ly Hai Cuong,lyhaicuong779@company.vn
VVIP-280,Le Cuong Phuc,lecuongphuc740@gmail.com
VIP-334,Huynh Dung Trang,huynhdungtrang694@company.vn
C-336,Nguyen Lan,nguyenlan640@hotmail.com
C-64,Duong Lan,duonglan217@outlook.com
VVIP-340,Vu Em Minh,vuemminh232@example.com
F-307,Ly Giang Binh,lygiangbinh534@yahoo.com
F-295,Vu Trang Son,vutrangson573@yahoo.com
VVIP-422,Ngo Khoa Hai,ngokhoahai291@yahoo.com
B-202,Nguyen Phong,nguyenphong60@hotmail.com
C-479,Vu Linh,vulinh459@outlook.com
A-61,Bui Hai,buihai796@outlook.com
VVIP-337,Hoang Minh,hoangminh993@outlook.com
D-6,Ho Tuan Phong,hotuanphong994@yahoo.com
VVIP-109,Bui Tuan Giang,buituangiang151@example.com
A-177,Vu Cuong Trang,vucuongtrang553@yahoo.com
E-409,Vu Oanh,vuoanh138@company.vn
F-414,Ly Hai Yen,lyhaiyen381@gmail.com
E-108,Duong Lan Quang,duonglanquang272@company.vn
VIP-332,Pham Nga,phamnga224@gmail.com
C-289,Vu Em,vuem926@company.vn
VVIP-203,Hoang Lan,hoanglan734@example.com
VIP-79,Hoang Minh Tuan,hoangminhtuan770@gmail.com
SVIP-109,Dang Cuong,dangcuong843@yahoo.com
B-388,Vo Oanh Khoa,vooanhkhoa23@example.com
E-344,Dang Quang Hai,dangquanghai371@yahoo.com
A-66,Le Xuan,lexuan642@outlook.com
C-258,Duong Son Khoa,duongsonkhoa173@yahoo.com
B-424,Vu Yen Binh,vuyenbinh918@gmail.com
C-124,Dang Em Giang,dangemgiang227@company.vn
C-99,Phan Cuong,phancuong603@gmail.com
A-109,Tran Oanh Vy,tranoanhvy321@hotmail.com
E-22,Pham Minh,phamminh918@example.com
D-405,Le Son Trang,lesontrang928@yahoo.com
C-228,Phan An Khoa,phanankhoa254@company.vn
VVIP-373,Huynh Yen Uy,huynhyenuy910@example.com
SVIP-54,Bui Phuc,buiphuc899@example.com
B-178,Pham Yen,phamyen521@example.com
D-337,Tran Binh,tranbinh764@yahoo.com
VVIP-330,Tran An,tranan457@gmail.com
B-225,Hoang Khoa Hai,hoangkhoahai245@outlook.com
D-119,Tran Hai Tuan,tranhaituan821@yahoo.com
C-414,Ho Cuong Em,hocuongem359@gmail.com
F-478,Nguyen Xuan,nguyenxuan15@hotmail.com
C-65,Phan Xuan,phanxuan12@outlook.com
F-54,Le Oanh,leoanh867@example.com
D-452,Dang Linh Phong,danglinhphong370@example.com
VIP-110,Le An,lean132@yahoo.com
SVIP-120,Nguyen Khoa Cuong,nguyenkhoacuong361@yahoo.com
B-474,Le Em,leem308@yahoo.com
B-484,Pham Tuan,phamtuan228@company.vn
E-349,Vo Vy,vovy316@yahoo.com
B-414,Ho Oanh,hooanh205@outlook.com
D-21,Phan Oanh,phanoanh990@yahoo.com
C-353,Pham Tuan Xuan,phamtuanxuan740@company.vn
SVIP-142,Do Em,doem858@company.vn
SVIP-447,Ho Phuc Khoa,hophuckhoa183@gmail.com
C-171,Do Nga,donga790@yahoo.com
A-194,Bui Vy Binh,buivybinh441@outlook.com
C-359,Vo An,voan907@yahoo.com
D-116,Le Lan Minh,lelanminh419@gmail.com
A-133,Hoang Phuc Lan,hoangphuclan601@example.com
VVIP-187,Ngo Uy,ngouy272@yahoo.com
B-282,Do Nga Xuan,dongaxuan481@hotmail.com
VVIP-19,Ngo Quang,ngoquang654@example.com
C-67,Nguyen Lan,nguyenlan25@hotmail.com
D-359,Vu Khoa,vukhoa132@hotmail.com
C-116,Le Oanh,leoanh408@gmail.com
D-197,Do Minh Giang,dominhgiang676@example.com
SVIP-176,Ho Khoa Nga,hokhoanga900@hotmail.com
F-280,Vo Trang,votrang117@gmail.com
SVIP-241,Duong Nga,duongnga571@hotmail.com
B-368,Pham Linh Hai,phamlinhhai802@yahoo.com
D-42,Nguyen Dung Phong,nguyendungphong431@company.vn
A-281,Bui Phuc Binh,buiphucbinh331@yahoo.com
SVIP-342,Vo Em,voem446@example.com
SVIP-284,Dang Minh,dangminh72@company.vn
B-123,Phan Binh Hai,phanbinhhai952@gmail.com
A-358,Pham Vy Yen,phamvyyen766@hotmail.com
VIP-301,Pham Lan Phong,phamlanphong535@hotmail.com
SVIP-173,Pham Tuan,phamtuan45@outlook.com
VVIP-130,Bui Quang Khoa,buiquangkhoa329@gmail.com
D-411,Duong Trang,duongtrang97@hotmail.com
E-111,Vu Tuan,vutuan897@yahoo.com
A-23,Huynh Hai Binh,huynhhaibinh101@yahoo.com
F-42,Do Cuong,docuong886@outlook.com
A-496,Ngo Lan,ngolan259@yahoo.com
A-20,Ngo Khoa Son,ngokhoason367@gmail.com
C-373,Le Dung,ledung784@gmail.com
F-216,Dang Minh Phuc,dangminhphuc437@outlook.com
A-244,Hoang Phuc Phuc,hoangphucphuc584@yahoo.com
B-345,Huynh Nga,huynhnga263@company.vn
VIP-461,Ly Minh Vy,lyminhvy579@outlook.com
VIP-471,Nguyen Khoa,nguyenkhoa165@gmail.com
E-360,Le Binh,lebinh993@gmail.com
B-101,Ngo Giang Xuan,ngogiangxuan691@company.vn
C-37,Do Linh,dolinh103@hotmail.com
C-154,Ngo Oanh,ngooanh316@example.com
VIP-123,Ly Xuan,lyxuan71@outlook.com
VIP-142,Le Oanh Giang,leoanhgiang875@example.com
D-83,Phan Hai Dung,phanhaidung129@gmail.com
E-266,Duong Yen,duongyen440@gmail.com
VIP-182,Le Uy,leuy703@hotmail.com
VIP-104,Hoang Uy Em,hoanguyem86@example.com
F-411,Bui Son Minh,buisonminh804@example.com
VVIP-395,Bui Cuong,buicuong768@outlook.com
F-165,Vo Dung Hai,vodunghai71@company.vn
SVIP-443,Nguyen Uy,nguyenuy322@yahoo.com
VVIP-235,Tran Linh Dung,tranlinhdung937@hotmail.com
D-16,Dang Nga Minh,dangngaminh457@company.vn
B-79,Ngo Lan Dung,ngolandung176@gmail.com
VIP-460,Nguyen Lan,nguyenlan795@hotmail.com
C-374,Ly Uy,lyuy648@yahoo.com
B-331,Ly Giang Em,lygiangem764@company.vn
SVIP-450,Huynh Quang Trang,huynhquangtrang110@yahoo.com
F-471,Ho Vy Xuan,hovyxuan627@gmail.com
VVIP-377,Huynh Vy Phuc,huynhvyphuc871@hotmail.com
E-489,Do Linh,dolinh180@outlook.com
A-405,Pham Khoa Cuong,phamkhoacuong544@example.com
A-477,Tran Binh Hai,tranbinhhai24@yahoo.com
F-288,Pham Linh Em,phamlinhem62@example.com
A-128,Hoang Dung Uy,hoangdunguy938@company.vn
E-194,Nguyen Binh,nguyenbinh745@example.com
E-27,Hoang Em,hoangem861@yahoo.com
B-172,Duong Linh Phong,duonglinhphong523@example.com
SVIP-1,Ly An Phuc,lyanphuc709@outlook.com
D-227,Huynh Phuc An,huynhphucan402@example.com
SVIP-252,Vo Dung,vodung643@outlook.com
F-74,Tran Quang,tranquang675@yahoo.com
SVIP-490,Tran Minh Lan,tranminhlan451@hotmail.com
SVIP-21,Hoang Em,hoangem35@hotmail.com
E-434,Ho Nga,honga81@outlook.com
B-462,Huynh Binh,huynhbinh105@gmail.com
A-452,Ly Yen Oanh,lyyenoanh228@yahoo.com
A-369,Phan Giang Binh,phangiangbinh862@gmail.com
B-390,Hoang Quang Tuan,hoangquangtuan117@outlook.com
C-104,Huynh Uy Yen,huynhuyyen587@hotmail.com
E-48,Hoang Nga Giang,hoangngagiang666@hotmail.com
SVIP-349,Vu Xuan,vuxuan246@yahoo.com
B-439,Tran Son,transon707@yahoo.com
VIP-302,Hoang Uy,hoanguy637@yahoo.com
F-443,Ngo Yen,ngoyen153@hotmail.com
D-114,Phan Khoa,phankhoa178@example.com
B-291,Huynh Quang,huynhquang487@example.com
C-54,Tran Phuc,tranphuc636@hotmail.com
E-240,Nguyen Uy,nguyenuy46@hotmail.com
VVIP-445,Le Vy,levy923@yahoo.com
D-323,Tran Uy Trang,tranuytrang118@hotmail.com
SVIP-331,Vu Trang Son,vutrangson36@yahoo.com
SVIP-274,Dang Phuc,dangphuc428@example.com
C-383,Do Dung,dodung143@gmail.com
D-155,Vo Yen,voyen300@outlook.com
VIP-324,Huynh Phong,huynhphong936@hotmail.com
VIP-121,Nguyen Minh,nguyenminh870@company.vn
A-493,Nguyen Em Xuan,nguyenemxuan126@example.com
C-235,Vo Binh,vobinh726@example.com
E-414,Ly Hai,lyhai571@company.vn
SVIP-71,Phan Minh Nga,phanminhnga962@company.vn
SVIP-208,Vu Giang,vugiang39@company.vn
SVIP-105,Bui Linh,builinh556@hotmail.com
F-249,Dang Phong,dangphong218@example.com
VVIP-276,Ly Trang Linh,lytranglinh535@example.com
VVIP-449,Pham Binh,phambinh983@gmail.com
VIP-320,Huynh Khoa Oanh,huynhkhoaoanh257@hotmail.com
E-291,Ly Binh Son,lybinhson765@example.com
VVIP-71,Ho Yen Dung,hoyendung265@company.vn
SVIP-231,Nguyen Vy Phong,nguyenvyphong248@company.vn
D-154,Vu Cuong Xuan,vucuongxuan677@company.vn
VVIP-219,Tran Phong Khoa,tranphongkhoa387@gmail.com
F-485,Do Khoa Son,dokhoason573@gmail.com
SVIP-197,Vo Phong Cuong,vophongcuong525@gmail.com
A-293,Nguyen Cuong,nguyencuong998@company.vn
VVIP-173,Pham Dung Son,phamdungson8@gmail.com
E-370,Vo Linh,volinh732@company.vn
A-206,Huynh Tuan,huynhtuan616@gmail.com
SVIP-146,Vo Xuan,voxuan539@yahoo.com
A-379,Bui Son Quang,buisonquang640@gmail.com
C-183,Huynh Cuong,huynhcuong445@gmail.com
VIP-281,Ly An Xuan,lyanxuan831@yahoo.com
D-273,Nguyen Quang Trang,nguyenquangtrang505@hotmail.com
E-218,Dang Lan,danglan366@gmail.com
VIP-56,Ho Uy Tuan,houytuan493@company.vn
D-440,Nguyen Son Lan,nguyensonlan519@yahoo.com
B-340,Vu Giang,vugiang981@example.com
B-251,Pham Giang Phuc,phamgiangphuc401@hotmail.com
SVIP-13,Phan Son,phanson415@example.com
B-110,Ngo Yen,ngoyen378@gmail.com
D-314,Bui Trang,buitrang384@company.vn
VVIP-131,Phan Hai,phanhai662@outlook.com
E-377,Hoang Lan Phuc,hoanglanphuc559@gmail.com
VIP-84,Huynh Yen Minh,huynhyenminh766@example.com
C-403,Ho Quang,hoquang697@outlook.com
E-417,Pham Em,phamem434@gmail.com
VIP-378,Do Phong,dophong544@example.com
SVIP-318,Hoang Son,hoangson600@yahoo.com
VIP-154,Hoang Minh,hoangminh875@example.com
C-36,Vu Nga Cuong,vungacuong884@yahoo.com
E-412,Ngo Lan,ngolan587@gmail.com
A-484,Le Lan,lelan650@hotmail.com
F-184,Dang Tuan Tuan,dangtuantuan311@hotmail.com
A-270,Do Khoa Phuc,dokhoaphuc421@outlook.com
B-32,Le An,lean79@outlook.com
SVIP-15,Ngo Lan Oanh,ngolanoanh338@outlook.com
B-469,Ly Son,lyson255@company.vn
VVIP-23,Hoang Em Cuong,hoangemcuong821@outlook.com
VIP-482,Phan Lan,phanlan677@gmail.com
VIP-81,Hoang Minh,hoangminh280@outlook.com
E-125,Huynh Giang Vy,huynhgiangvy113@example.com
B-330,Bui Xuan,buixuan237@outlook.com
D-64,Pham Quang Em,phamquangem347@hotmail.com
VIP-326,Huynh Dung Em,huynhdungem88@gmail.com
C-93,Vo Son Yen,vosonyen274@yahoo.com
B-141,Ho Lan Hai,holanhai740@outlook.com
SVIP-224,Nguyen Son Giang,nguyensongiang271@hotmail.com
B-226,Huynh Uy,huynhuy603@yahoo.com
C-10,Nguyen Phong Trang,nguyenphongtrang636@company.vn
E-333,Ngo Trang,ngotrang232@hotmail.com
F-18,Duong Phong,duongphong436@hotmail.com
C-263,Ho Khoa,hokhoa737@yahoo.com
VVIP-64,Tran Quang Phuc,tranquangphuc222@yahoo.com
VIP-67,Vo Linh Trang,volinhtrang872@hotmail.com
SVIP-498,Bui Phong,buiphong49@company.vn
A-434,Huynh An Trang,huynhantrang708@example.com
D-300,Do Yen Em,doyenem920@example.com
D-424,Vu Dung Trang,vudungtrang777@company.vn
A-459,Le Phong,lephong452@company.vn
B-281,Pham Tuan,phamtuan486@yahoo.com
VIP-367,Vo Oanh,vooanh169@hotmail.com
E-65,Duong Linh Quang,duonglinhquang896@outlook.com
C-7,Vu Linh Khoa,vulinhkhoa705@outlook.com
B-9,Tran Lan Phong,tranlanphong151@outlook.com
A-453,Phan Cuong,phancuong746@yahoo.com
A-197,Vu Cuong,vucuong721@hotmail.com
VVIP-393,Huynh Lan,huynhlan278@outlook.com
D-189,Do Yen Yen,doyenyen438@outlook.com
C-248,Hoang Giang,hoanggiang507@gmail.com
E-177,Ho Binh,hobinh777@gmail.com
VIP-491,Tran Giang,trangiang608@yahoo.com
C-42,Dang Cuong Xuan,dangcuongxuan807@yahoo.com
E-214,Le Cuong Giang,lecuonggiang544@example.com
E-406,Nguyen Son Uy,nguyensonuy950@gmail.com
F-226,Vu Tuan Xuan,vutuanxuan720@example.com
D-377,Hoang Uy,hoanguy149@yahoo.com
VIP-156,Bui Yen Trang,buiyentrang642@example.com
SVIP-436,Ly Minh Yen,lyminhyen939@gmail.com
B-102,Ngo Oanh,ngooanh807@hotmail.com
VVIP-86,Hoang Cuong An,hoangcuongan152@example.com
A-18,Ly Em Quang,lyemquang367@gmail.com
VVIP-154,Ngo An,ngoan567@hotmail.com
VVIP-498,Ho Tuan Vy,hotuanvy274@gmail.com
SVIP-352,Tran Khoa Phuc,trankhoaphuc631@example.com
SVIP-340,Vo An Binh,voanbinh696@outlook.com
A-440,Dang Trang Linh,dangtranglinh442@example.com
VIP-495,Hoang Cuong,hoangcuong317@example.com
C-408,Phan Hai Em,phanhaiem612@example.com
B-187,Bui Xuan Khoa,buixuankhoa260@yahoo.com
F-325,Pham Binh Uy,phambinhuy273@outlook.com
B-443,Duong Em Trang,duongemtrang863@example.com
VVIP-216,Vu Vy,vuvy922@yahoo.com
C-361,Pham Minh,phamminh647@company.vn
B-284,Dang Dung Phuc,dangdungphuc832@yahoo.com
A-333,Ho Tuan Em,hotuanem159@gmail.com
F-476,Vu Yen Oanh,vuyenoanh945@company.vn
VVIP-240,Bui Xuan Lan,buixuanlan218@hotmail.com
VIP-284,Ly Tuan Quang,lytuanquang932@outlook.com
VIP-485,Dang Yen Phuc,dangyenphuc560@company.vn
E-231,Vo Xuan Binh,voxuanbinh632@hotmail.com
B-375,Ly Hai,lyhai248@hotmail.com
VVIP-310,Vo Em,voem153@example.com
F-367,Vo Minh Oanh,vominhoanh16@gmail.com
F-377,Ly Phong,lyphong408@hotmail.com
D-470,Ho Vy Phuc,hovyphuc111@yahoo.com
B-455,Dang Giang Dung,danggiangdung596@yahoo.com
D-298,Ho Yen Hai,hoyenhai36@example.com
VIP-422,Le Hai,lehai161@gmail.com
SVIP-210,Hoang Xuan,hoangxuan977@yahoo.com
SVIP-374,Vu Phuc,vuphuc104@company.vn
D-283,Do Vy Cuong,dovycuong342@yahoo.com
E-34,Nguyen An Xuan,nguyenanxuan998@outlook.com
F-293,Bui Phuc,buiphuc17@hotmail.com
VIP-455,Pham Phuc,phamphuc224@example.com
A-425,Pham Vy Minh,phamvyminh209@outlook.com
E-371,Hoang Dung,hoangdung356@yahoo.com
VVIP-69,Ho Vy,hovy589@hotmail.com
F-279,Nguyen Giang,nguyengiang244@company.vn
E-165,Tran Minh Lan,tranminhlan5@outlook.com
E-320,Do Tuan,dotuan569@company.vn
SVIP-461,Ngo Minh Son,ngominhson765@outlook.com
A-166,Dang An Oanh,danganoanh112@hotmail.com
E-359,Huynh Xuan,huynhxuan226@gmail.com
C-58,Huynh Son Phong,huynhsonphong869@yahoo.com
F-119,Duong Em,duongem735@gmail.com
VVIP-349,Tran Em Nga,tranemnga761@yahoo.com
C-135,Ly Giang Trang,lygiangtrang477@example.com
E-301,Pham Khoa,phamkhoa694@gmail.com
A-205,Ho Uy,houy177@company.vn
B-208,Bui Phuc,buiphuc421@example.com
VIP-292,Ly Khoa Minh,lykhoaminh798@gmail.com
B-279,Vu An,vuan140@company.vn
B-415,Tran Dung Yen,trandungyen786@company.vn
C-456,Ho Lan Lan,holanlan922@hotmail.com
A-252,Hoang Oanh Vy,hoangoanhvy252@company.vn
B-235,Do Xuan,doxuan881@outlook.com
E-208,Vo Son Phuc,vosonphuc113@yahoo.com
VVIP-361,Vu Giang,vugiang640@outlook.com
F-97,Dang Uy,danguy55@yahoo.com
E-497,Do Quang,doquang280@company.vn
SVIP-159,Tran Phong,tranphong588@outlook.com
D-98,Vu Phuc,vuphuc203@yahoo.com
A-360,Duong Nga Trang,duongngatrang382@yahoo.com
B-448,Vu Linh Phong,vulinhphong571@hotmail.com
E-197,Ly Giang An,lygiangan173@yahoo.com
VVIP-461,Tran Quang,tranquang12@yahoo.com
E-30,Pham Trang,phamtrang426@company.vn
C-108,Hoang Son,hoangson166@outlook.com
SVIP-33,Huynh Em,huynhem948@yahoo.com
A-277,Dang Khoa Quang,dangkhoaquang192@yahoo.com
A-356,Ly Em Hai,lyemhai146@outlook.com
D-389,Vo Giang Phuc,vogiangphuc947@hotmail.com
A-353,Bui Phuc,buiphuc313@gmail.com
A-124,Duong Tuan An,duongtuanan947@yahoo.com
C-177,Tran Binh Nga,tranbinhnga85@yahoo.com
A-105,Duong Phong Lan,duongphonglan1@outlook.com
C-482,Ho Khoa Em,hokhoaem852@outlook.com
C-463,Dang Quang,dangquang819@outlook.com
SVIP-242,Ly Xuan Giang,lyxuangiang406@example.com
F-215,Duong Trang Nga,duongtrangnga428@hotmail.com
F-191,Ly Lan,lylan93@hotmail.com
VVIP-112,Vu Binh Trang,vubinhtrang228@example.com
A-303,Nguyen Trang Quang,nguyentrangquang362@hotmail.com
C-332,Do Lan Tuan,dolantuan537@company.vn
C-362,Do Cuong Son,docuongson499@yahoo.com
B-318,Duong Lan,duonglan74@company.vn
E-261,Ho Nga,honga422@company.vn
D-247,Hoang Xuan,hoangxuan320@hotmail.com
SVIP-144,Do Son,doson871@example.com
F-214,Ly Oanh Quang,lyoanhquang451@gmail.com
E-3,Duong Trang,duongtrang107@hotmail.com
VIP-108,Ho Yen,hoyen695@gmail.com
SVIP-308,Huynh Uy,huynhuy127@hotmail.com
F-343,Vo Cuong Tuan,vocuongtuan832@outlook.com
D-78,Tran Hai Lan,tranhailan608@yahoo.com
E-106,Huynh Uy Em,huynhuyem164@outlook.com
SVIP-44,Nguyen Phong Giang,nguyenphonggiang778@outlook.com
VVIP-378,Ho Binh,hobinh623@company.vn
F-296,Vo An Nga,voannga554@outlook.com
A-42,Phan Vy Minh,phanvyminh75@company.vn
E-500,Hoang Oanh,hoangoanh943@yahoo.com
B-156,Vo Trang,votrang505@outlook.com
E-163,Phan Quang,phanquang326@gmail.com
F-133,Huynh Tuan An,huynhtuanan146@hotmail.com
E-496,Pham Phuc,phamphuc944@company.vn
A-372,Nguyen Nga Minh,nguyenngaminh389@example.com
C-114,Ho Quang,hoquang830@hotmail.com
B-30,Bui Cuong,buicuong687@gmail.com
B-299,Ho Binh Tuan,hobinhtuan213@example.com
A-458,Bui Nga,buinga951@yahoo.com
C-370,Huynh Giang,huynhgiang418@company.vn
E-365,Ngo Oanh,ngooanh992@yahoo.com
B-391,Ho Em,hoem819@yahoo.com
SVIP-442,Le Giang Xuan,legiangxuan699@hotmail.com
SVIP-419,Bui Tuan,buituan927@example.com
SVIP-350,Vo Hai Giang,vohaigiang221@example.com
B-84,Ho An Dung,hoandung347@example.com
F-241,Le Binh,lebinh574@yahoo.com
B-53,Vo Xuan,voxuan990@hotmail.com
B-70,Vo Khoa,vokhoa195@yahoo.com
E-270,Hoang Giang Binh,hoanggiangbinh459@company.vn
F-139,Pham An Binh,phamanbinh491@hotmail.com
VIP-477,Nguyen Cuong,nguyencuong654@yahoo.com
D-136,Phan Phong Hai,phanphonghai622@example.com
D-430,Huynh Yen,huynhyen70@hotmail.com
VVIP-113,Vo Uy Yen,vouyyen534@yahoo.com
A-13,Dang Khoa Oanh,dangkhoaoanh765@company.vn
VVIP-138,Duong An Quang,duonganquang379@company.vn
A-172,Duong Lan Dung,duonglandung889@hotmail.com
B-471,Nguyen Vy,nguyenvy946@yahoo.com
E-300,Hoang Binh,hoangbinh17@gmail.com
B-47,Dang Cuong Giang,dangcuonggiang725@company.vn
